-- ============================================================
-- WaterStation AI - Seed Data
-- 用于开发和测试环境的初始数据
-- ============================================================

-- -----------------------------------------------------------
-- 产品数据
-- -----------------------------------------------------------
INSERT INTO `product` (`id`, `name`, `category`, `specification`, `unit_price`, `cost_price`, `stock`, `max_stock`, `min_stock_alert`, `description`, `status`, `sort_order`) VALUES
(1, '大同优质矿泉水', 'water', '20L', 18.00, 8.00, 500, 1000, 50, '天然矿泉水源，富含多种矿物质', 'IN_STOCK', 1),
(2, '大同纯净水', 'water', '20L', 15.00, 6.00, 800, 1000, 50, '多重过滤，纯净安全', 'IN_STOCK', 2),
(3, '大同山泉水', 'water', '5L', 8.00, 3.50, 300, 500, 30, '小桶装山泉水，方便家用', 'IN_STOCK', 3),
(4, '大同苏打水', 'water', '20L', 22.00, 10.00, 200, 500, 30, '弱碱性苏打水，适合养生', 'IN_STOCK', 4),
(5, '立式饮水机', 'dispenser', '冷热双温', 580.00, 320.00, 30, 50, 5, '家用立式冷热饮水机', 'IN_STOCK', 10),
(6, '台式饮水机', 'dispenser', '常温', 280.00, 150.00, 45, 50, 5, '台式小型饮水机', 'IN_STOCK', 11);

-- -----------------------------------------------------------
-- 配送员数据
-- -----------------------------------------------------------
INSERT INTO `driver` (`id`, `name`, `phone`, `vehicle_type`, `vehicle_plate`, `service_area`, `max_daily_orders`, `status`, `rating`) VALUES
(1, '张师傅', '13800001001', '电动三轮车', '京A·E001', '朝阳区东部', 40, 'AVAILABLE', 4.90),
(2, '李师傅', '13800001002', '小型货车', '京B·F002', '海淀区', 50, 'AVAILABLE', 4.85),
(3, '王师傅', '13800001003', '电动三轮车', '京A·E003', '朝阳区西部', 35, 'BUSY', 4.92),
(4, '赵师傅', '13800001004', '电动三轮车', '京A·E004', '丰台区', 40, 'OFFLINE', 4.78);

-- -----------------------------------------------------------
-- 客户数据
-- -----------------------------------------------------------
INSERT INTO `customer` (`id`, `name`, `phone`, `address`, `tier`, `company_name`, `outstanding_balance`, `active_tickets`, `lifetime_orders`, `total_spent`) VALUES
(1, '张三', '13900001001', '朝阳区建国路88号院3号楼', 'REGULAR', NULL, 0.00, 0, 5, 90.00),
(2, '李四', '13900001002', '海淀区中关村大街1号', 'VIP', NULL, 0.00, 50, 35, 680.00),
(3, '北京科技有限公司', '13900001003', '朝阳区望京SOHO T1 15层', 'ENTERPRISE', '北京科技有限公司', 360.00, 200, 120, 5400.00),
(4, '王五', '13900001004', '丰台区丰台路12号', 'REGULAR', NULL, 36.00, 10, 8, 144.00),
(5, '赵六', '13900001005', '朝阳区三里屯路19号', 'VIP', NULL, 0.00, 30, 52, 1200.00);

-- -----------------------------------------------------------
-- 水票套餐数据
-- -----------------------------------------------------------
INSERT INTO `ticket_package` (`id`, `customer_id`, `product_id`, `total_tickets`, `remaining_tickets`, `price_paid`, `unit_price`, `status`, `purchase_date`, `expire_date`) VALUES
(1, 2, 1, 100, 50, 1500.00, 15.00, 'ACTIVE', '2026-01-15', '2027-01-15'),
(2, 3, 1, 500, 200, 7000.00, 14.00, 'ACTIVE', '2026-03-01', '2027-03-01'),
(3, 4, 2, 20, 10, 260.00, 13.00, 'ACTIVE', '2026-05-10', '2027-05-10'),
(4, 5, 1, 50, 30, 750.00, 15.00, 'ACTIVE', '2026-04-20', '2027-04-20');

-- -----------------------------------------------------------
-- 桶押金数据
-- -----------------------------------------------------------
INSERT INTO `bucket` (`id`, `customer_id`, `bucket_type`, `deposit_amount`, `status`, `issued_date`) VALUES
(1, 1, 'STANDARD_20L', 50.00, 'WITH_CUSTOMER', '2026-02-01'),
(2, 2, 'STANDARD_20L', 50.00, 'WITH_CUSTOMER', '2025-06-15'),
(3, 2, 'STANDARD_20L', 50.00, 'WITH_CUSTOMER', '2025-06-15'),
(4, 3, 'STANDARD_20L', 50.00, 'WITH_CUSTOMER', '2025-01-10'),
(5, 3, 'STANDARD_20L', 50.00, 'WITH_CUSTOMER', '2025-01-10'),
(6, 3, 'STANDARD_20L', 50.00, 'WITH_CUSTOMER', '2025-03-20'),
(7, 4, 'STANDARD_20L', 50.00, 'WITH_CUSTOMER', '2026-04-01'),
(8, 5, 'STANDARD_20L', 50.00, 'WITH_CUSTOMER', '2025-08-01'),
(9, 5, 'STANDARD_20L', 50.00, 'WITH_CUSTOMER', '2025-08-01');

-- -----------------------------------------------------------
-- 系统配置
-- -----------------------------------------------------------
INSERT INTO `sys_config` (`config_key`, `config_value`, `description`) VALUES
('bucket_deposit_20l', '50.00', '20L标准桶押金金额'),
('bucket_deposit_5l', '30.00', '5L小桶押金金额'),
('vip_threshold_amount', '500.00', 'VIP客户累计消费阈值'),
('vip_threshold_orders', '20', 'VIP客户累计订单阈值'),
('max_delivery_distance_km', '15', '最大配送距离（公里）'),
('working_hours_start', '08:00', '营业开始时间'),
('working_hours_end', '20:00', '营业结束时间'),
('ticket_default_validity_days', '365', '水票默认有效期（天）');
